{
  "sturm_split": {
    "LogisticRegression (Sturm Split)": {
      "test_accuracy": 0.7068965517241379,
      "test_f1_macro": 0.7000127831091583,
      "saved_model_path": "./baseline_comparisons/saved_models/LogisticRegressionSturm_Split.joblib",
      "test_classification_report_dict": {
        "blues": {
          "precision": 0.6153846153846154,
          "recall": 0.5161290322580645,
          "f1-score": 0.5614035087719298,
          "support": 31.0
        },
        "classical": {
          "precision": 0.9393939393939394,
          "recall": 1.0,
          "f1-score": 0.96875,
          "support": 31.0
        },
        "country": {
          "precision": 0.7407407407407407,
          "recall": 0.6666666666666666,
          "f1-score": 0.7017543859649122,
          "support": 30.0
        },
        "disco": {
          "precision": 0.5,
          "recall": 0.6896551724137931,
          "f1-score": 0.5797101449275363,
          "support": 29.0
        },
        "hiphop": {
          "precision": 0.6666666666666666,
          "recall": 0.8888888888888888,
          "f1-score": 0.7619047619047619,
          "support": 27.0
        },
        "jazz": {
          "precision": 0.6764705882352942,
          "recall": 0.8518518518518519,
          "f1-score": 0.7540983606557377,
          "support": 27.0
        },
        "metal": {
          "precision": 0.9166666666666666,
          "recall": 0.8148148148148148,
          "f1-score": 0.8627450980392157,
          "support": 27.0
        },
        "pop": {
          "precision": 0.71875,
          "recall": 0.7666666666666667,
          "f1-score": 0.7419354838709677,
          "support": 30.0
        },
        "reggae": {
          "precision": 0.75,
          "recall": 0.6923076923076923,
          "f1-score": 0.72,
          "support": 26.0
        },
        "rock": {
          "precision": 0.5714285714285714,
          "recall": 0.25,
          "f1-score": 0.34782608695652173,
          "support": 32.0
        },
        "accuracy": 0.7068965517241379,
        "macro avg": {
          "precision": 0.7095501788516494,
          "recall": 0.7136980785868439,
          "f1-score": 0.7000127831091583,
          "support": 290.0
        },
        "weighted avg": {
          "precision": 0.7078733709945678,
          "recall": 0.7068965517241379,
          "f1-score": 0.6952885717541578,
          "support": 290.0
        }
      },
      "test_confusion_matrix": [
        [
          16,
          0,
          0,
          3,
          1,
          9,
          0,
          0,
          1,
          1
        ],
        [
          0,
          31,
          0,
          0,
          0,
          0,
          0,
          0,
          0,
          0
        ],
        [
          3,
          0,
          20,
          3,
          0,
          1,
          0,
          1,
          1,
          1
        ],
        [
          4,
          0,
          0,
          20,
          3,
          0,
          0,
          1,
          1,
          0
        ],
        [
          0,
          0,
          0,
          1,
          24,
          0,
          0,
          2,
          0,
          0
        ],
        [
          1,
          0,
          0,
          1,
          0,
          23,
          0,
          1,
          1,
          0
        ],
        [
          0,
          0,
          0,
          1,
          0,
          0,
          22,
          0,
          0,
          4
        ],
        [
          0,
          0,
          2,
          3,
          1,
          0,
          0,
          23,
          1,
          0
        ],
        [
          0,
          0,
          1,
          1,
          4,
          0,
          0,
          2,
          18,
          0
        ],
        [
          2,
          2,
          4,
          7,
          3,
          1,
          2,
          2,
          1,
          8
        ]
      ]
    },
    "KNN (Sturm Split)": {
      "test_accuracy": 0.6137931034482759,
      "test_f1_macro": 0.5966819921364043,
      "saved_model_path": "./baseline_comparisons/saved_models/KNNSturm_Split.joblib",
      "test_classification_report_dict": {
        "blues": {
          "precision": 0.5454545454545454,
          "recall": 0.5806451612903226,
          "f1-score": 0.5625,
          "support": 31.0
        },
        "classical": {
          "precision": 0.7560975609756098,
          "recall": 1.0,
          "f1-score": 0.8611111111111112,
          "support": 31.0
        },
        "country": {
          "precision": 0.7037037037037037,
          "recall": 0.6333333333333333,
          "f1-score": 0.6666666666666666,
          "support": 30.0
        },
        "disco": {
          "precision": 0.38095238095238093,
          "recall": 0.5517241379310345,
          "f1-score": 0.4507042253521127,
          "support": 29.0
        },
        "hiphop": {
          "precision": 0.6470588235294118,
          "recall": 0.8148148148148148,
          "f1-score": 0.7213114754098361,
          "support": 27.0
        },
        "jazz": {
          "precision": 0.5555555555555556,
          "recall": 0.5555555555555556,
          "f1-score": 0.5555555555555556,
          "support": 27.0
        },
        "metal": {
          "precision": 0.8928571428571429,
          "recall": 0.9259259259259259,
          "f1-score": 0.9090909090909091,
          "support": 27.0
        },
        "pop": {
          "precision": 0.5666666666666667,
          "recall": 0.5666666666666667,
          "f1-score": 0.5666666666666667,
          "support": 30.0
        },
        "reggae": {
          "precision": 0.5238095238095238,
          "recall": 0.4230769230769231,
          "f1-score": 0.46808510638297873,
          "support": 26.0
        },
        "rock": {
          "precision": 0.5714285714285714,
          "recall": 0.125,
          "f1-score": 0.20512820512820512,
          "support": 32.0
        },
        "accuracy": 0.6137931034482759,
        "macro avg": {
          "precision": 0.6143584474933113,
          "recall": 0.6176742518594576,
          "f1-score": 0.5966819921364043,
          "support": 290.0
        },
        "weighted avg": {
          "precision": 0.6137563395009098,
          "recall": 0.6137931034482759,
          "f1-score": 0.5929570575559856,
          "support": 290.0
        }
      },
      "test_confusion_matrix": [
        [
          18,
          0,
          0,
          2,
          0,
          9,
          0,
          0,
          1,
          1
        ],
        [
          0,
          31,
          0,
          0,
          0,
          0,
          0,
          0,
          0,
          0
        ],
        [
          5,
          1,
          19,
          3,
          0,
          0,
          0,
          1,
          1,
          0
        ],
        [
          5,
          0,
          2,
          16,
          1,
          1,
          0,
          1,
          2,
          1
        ],
        [
          0,
          0,
          0,
          3,
          22,
          0,
          0,
          1,
          1,
          0
        ],
        [
          2,
          6,
          1,
          1,
          0,
          15,
          0,
          1,
          1,
          0
        ],
        [
          0,
          0,
          0,
          1,
          0,
          0,
          25,
          0,
          0,
          1
        ],
        [
          1,
          0,
          0,
          9,
          2,
          0,
          0,
          17,
          1,
          0
        ],
        [
          0,
          1,
          2,
          2,
          5,
          1,
          0,
          4,
          11,
          0
        ],
        [
          2,
          2,
          3,
          5,
          4,
          1,
          3,
          5,
          3,
          4
        ]
      ]
    },