{
  "RandomForest(Sturm_Split_Features)": {
    "test_accuracy": 0.6862068965517242,
    "test_f1_macro": 0.6799119927607026,
    "saved_model_path": "./baseline_comparisons/saved_models/RandomForest_SturmSplit.joblib",
    "classification_report": {
      "blues": {
        "precision": 0.6666666666666666,
        "recall": 0.6451612903225806,
        "f1-score": 0.6557377049180327,
        "support": 31.0
      },
      "classical": {
        "precision": 0.9117647058823529,
        "recall": 1.0,
        "f1-score": 0.9538461538461539,
        "support": 31.0
      },
      "country": {
        "precision": 0.7307692307692307,
        "recall": 0.6333333333333333,
        "f1-score": 0.6785714285714286,
        "support": 30.0
      },
      "disco": {
        "precision": 0.48717948717948717,
        "recall": 0.6551724137931034,
        "f1-score": 0.5588235294117647,
        "support": 29.0
      },
      "hiphop": {
        "precision": 0.6052631578947368,
        "recall": 0.8518518518518519,
        "f1-score": 0.7076923076923077,
        "support": 27.0
      },
      "jazz": {
        "precision": 0.7333333333333333,
        "recall": 0.8148148148148148,
        "f1-score": 0.7719298245614035,
        "support": 27.0
      },
      "metal": {
        "precision": 0.9545454545454546,
        "recall": 0.7777777777777778,
        "f1-score": 0.8571428571428571,
        "support": 27.0
      },
      "pop": {
        "precision": 0.696969696969697,
        "recall": 0.7666666666666667,
        "f1-score": 0.7301587301587301,
        "support": 30.0
      },
      "reggae": {
        "precision": 0.65,
        "recall": 0.5,
        "f1-score": 0.5652173913043478,
        "support": 26.0
      },
      "rock": {
        "precision": 0.4444444444444444,
        "recall": 0.25,
        "f1-score": 0.32,
        "support": 32.0
      },
      "accuracy": 0.6862068965517242,
      "macro avg": {
        "precision": 0.6880936177685404,
        "recall": 0.6894778148560128,
        "f1-score": 0.6799119927607026,
        "support": 290.0
      },
      "weighted avg": {
        "precision": 0.6859613802327584,
        "recall": 0.6862068965517242,
        "f1-score": 0.6772179090488142,
        "support": 290.0
      }
    },
    "confusion_matrix": [
      [
        20,
        0,
        0,
        3,
        1,
        6,
        0,
        0,
        1,
        0
      ],
      [
        0,
        31,
        0,
        0,
        0,
        0,
        0,
        0,
        0,
        0
      ],
      [
        3,
        0,
        19,
        5,
        0,
        0,
        0,
        1,
        0,
        2
      ],
      [
        3,
        0,
        0,
        19,
        2,
        0,
        0,
        1,
        2,
        2
      ],
      [
        0,
        0,
        0,
        1,
        23,
        0,
        0,
        2,
        1,
        0
      ],
      [
        0,
        0,
        2,
        1,
        0,
        22,
        0,
        1,
        1,
        0
      ],
      [
        0,
        0,
        0,
        0,
        0,
        0,
        21,
        0,
        0,
        6
      ],
      [
        0,
        0,
        0,
        3,
        3,
        0,
        0,
        23,
        1,
        0
      ],
      [
        0,
        1,
        2,
        2,
        5,
        1,
        0,
        2,
        13,
        0
      ],
      [
        4,
        2,
        3,
        5,
        4,
        1,
        1,
        3,
        1,
        8
      ]
    ]
  },
  "SVM_RBF(Sturm_Split_Features)": {
    "test_accuracy": 0.6379310344827587,
    "test_f1_macro": 0.6380133813650289,
    "saved_model_path": "./baseline_comparisons/saved_models/SVM_RBF_SturmSplit.joblib",
    "classification_report": {
      "blues": {
        "precision": 0.46153846153846156,
        "recall": 0.3870967741935484,
        "f1-score": 0.42105263157894735,
        "support": 31.0
      },
      "classical": {
        "precision": 0.96875,
        "recall": 1.0,
        "f1-score": 0.9841269841269841,
        "support": 31.0
      },
      "country": {
        "precision": 0.782608695652174,
        "recall": 0.6,
        "f1-score": 0.6792452830188679,
        "support": 30.0
      },
      "disco": {
        "precision": 0.3584905660377358,
        "recall": 0.6551724137931034,
        "f1-score": 0.4634146341463415,
        "support": 29.0
      },
      "hiphop": {
        "precision": 0.5526315789473685,
        "recall": 0.7777777777777778,
        "f1-score": 0.6461538461538462,
        "support": 27.0
      },
      "jazz": {
        "precision": 0.7419354838709677,
        "recall": 0.8518518518518519,
        "f1-score": 0.7931034482758621,
        "support": 27.0
      },
      "metal": {
        "precision": 0.9545454545454546,
        "recall": 0.7777777777777778,
        "f1-score": 0.8571428571428571,
        "support": 27.0
      },
      "pop": {
        "precision": 0.6206896551724138,
        "recall": 0.6,
        "f1-score": 0.6101694915254238,
        "support": 30.0
      },
      "reggae": {
        "precision": 0.7727272727272727,
        "recall": 0.6538461538461539,
        "f1-score": 0.7083333333333334,
        "support": 26.0
      },
      "rock": {
        "precision": 0.35714285714285715,
        "recall": 0.15625,
        "f1-score": 0.21739130434782608,
        "support": 32.0
      },
      "accuracy": 0.6379310344827587,
      "macro avg": {
        "precision": 0.6571060025634705,
        "recall": 0.6459772749240213,
        "f1-score": 0.6380133813650289,
        "support": 290.0
      },
      "weighted avg": {
        "precision": 0.651998750813197,
        "recall": 0.6379310344827587,
        "f1-score": 0.6312345800403892,
        "support": 290.0
      }
    },
    "confusion_matrix": [
      [
        12,
        0,
        0,
        11,
        1,
        7,
        0,
        0,
        0,
        0
      ],
      [
        0,
        31,
        0,
        0,
        0,
        0,
        0,
        0,
        0,
        0
      ],
      [
        4,
        0,
        18,
        5,
        1,
        0,
        0,
        1,
        0,
        1
      ],
      [
        3,
        0,
        0,
        19,
        1,
        0,
        0,
        2,
        2,
        2
      ],
      [
        1,
        0,
        0,
        2,
        21,
        0,
        0,
        3,
        0,
        0
      ],
      [
        2,
        0,
        0,
        0,
        0,
        23,
        0,
        0,
        1,
        1
      ],
      [
        0,
        0,
        0,
        0,
        1,
        0,
        21,
        0,
        0,
        5
      ],
      [
        0,
        0,
        0,
        6,
        5,
        0,
        0,
        18,
        1,
        0
      ],
      [
        0,
        0,
        1,
        2,
        5,
        0,
        0,
        1,
        17,
        0
      ],
      [
        4,
        1,
        4,
        8,
        3,
        1,
        1,
        4,
        1,
        5
      ]
    ]
  },
  "KNN(Sturm_Split_Features)": {
    "test_accuracy": 0.6137931034482759,
    "test_f1_macro": 0.5966819921364043,
    "saved_model_path": "./baseline_comparisons/saved_models/KNN_SturmSplit.joblib",
    "classification_report": {
      "blues": {
        "precision": 0.5454545454545454,
        "recall": 0.5806451612903226,
        "f1-score": 0.5625,
        "support": 31.0
      },
      "classical": {
        "precision": 0.7560975609756098,
        "recall": 1.0,
        "f1-score": 0.8611111111111112,
        "support": 31.0
      },
      "country": {
        "precision": 0.7037037037037037,
        "recall": 0.6333333333333333,
        "f1-score": 0.6666666666666666,
        "support": 30.0
      },
      "disco": {
        "precision": 0.38095238095238093,
        "recall": 0.5517241379310345,
        "f1-score": 0.4507042253521127,